Caso,Tamanho,Tempo Médio,Desvio Padrão,Linguagem
Caso medio,1000,6.666666666666667e-05,0.0002581988897471611,C
Caso medio,10000,0.001,0.0,C
Caso medio,100000,0.10779999999999999,0.0005606119105813872,C
Melhor,1000,6.666666666666667e-05,0.0002581988897471611,C
Melhor,10000,0.0005333333333333334,0.0005163977794943222,C
Melhor,100000,0.10433333333333333,0.0012344267996967358,C
Pior,1000,6.666666666666667e-05,0.00025819888974716116,C
Pior,10000,0.0005333333333333334,0.0005163977794943222,C
Pior,100000,0.10426666666666666,0.0005936168397046639,C
