Caso,Tamanho,Tempo Médio,Desvio Padrão,Linguagem
Caso medio,100,0.00012873013814288667,0.00029029605828644907,Python
Caso medio,10000,0.07504625320434566,0.0035284627082791623,Python
Caso medio,100000,8.682102187474568,0.12643275832041928,Python
Melhor,100,0.00013324419657388667,0.0003516305468489632,Python
Melhor,10000,0.07237888971964515,0.0040238766417093185,Python
Melhor,100000,8.480846230189005,0.17521071864764026,Python
Pior,100,0.0001333395640055267,0.00035188222086142326,Python
Pior,10000,0.07350385983784989,0.003775234213564944,Python
Pior,100000,8.683662605285644,0.20723701191910318,Python
