Caso,Tamanho,Tempo Médio,Desvio Padrão,Linguagem
Caso medio,100,0.0,0.0,C
Caso medio,10000,0.0008,0.001780850519113991,C
Caso medio,100000,0.10633333333333334,0.0045460605656619515,C
Melhor,100,0.0,0.0,C
Melhor,10000,0.0006000000000000001,0.0016818357317441644,C
Melhor,100000,0.10513333333333333,0.0029728934118288257,C
Pior,100,0.0,0.0,C
Pior,10000,0.00046666666666666666,0.0013557637102737476,C
Pior,100000,0.10200000000000001,0.0029032002047002206,C
